CBMI_mae,IClf_mae,CBMI_mse,IClf_mse,CBMI_rmse,IClf_rmse,CBMI_time,IClf_time,MissingRate,run
0.0899716907684613,0.0913185363867395,0.0180662829698108,0.0179841816196398,0.1344108737037702,0.1341051140696725,303.37841796875,208.66181588172915,0.2,0
0.0890605815356223,0.0900734799475293,0.0170224484507618,0.0166852164576864,0.1304701055827038,0.129171267926294,320.68500089645386,228.23974299430847,0.2,1
0.0893067698609985,0.0907419284717087,0.0175812363130549,0.0172538206600321,0.1325942544496363,0.1313537995645049,341.3665771484375,168.99234890937805,0.2,2
0.0898392714137173,0.0898767681598148,0.0179586512456982,0.0171799515985053,0.1340098923426859,0.1310723143860111,340.0905668735504,259.6369631290436,0.2,3
0.0897018993777065,0.0893729418514705,0.0177422644472848,0.0163883590872819,0.1332000917690556,0.1280170265522597,235.48341298103333,173.97744703292847,0.2,4
0.0890061643141669,0.0889771208142984,0.0182129979980024,0.0173940231023584,0.1349555408199398,0.1318864022648218,337.2175841331482,229.69074511528007,0.2,5
0.0906372061701959,0.0898789925073113,0.0181293002357854,0.0169299339898653,0.134645089905965,0.1301150797942549,305.6329908370972,262.15311002731323,0.2,6
0.0899491652854488,0.0900711227762179,0.0180453784625984,0.0172458360385973,0.1343330877431114,0.1313234024787562,307.4805760383606,291.5510540008545,0.2,7
0.0893409950854833,0.0883055737404015,0.0176395173498123,0.0169537411209771,0.1328138447218976,0.1302065325587667,348.5073878765106,238.2259788513184,0.2,8
0.0898373043226122,0.0907024805628748,0.0175616577981213,0.0171087286753139,0.1325204052141455,0.1308003389724735,230.14603805541992,207.56883907318115,0.2,9
0.0887423951104781,0.0899461401515758,0.0178034580567199,0.0175813599463358,0.1334295996273689,0.1325947206578597,169.75449395179749,214.25926995277405,0.2,10
0.0899070646938553,0.0896091793018339,0.0180188188969548,0.0174147763253015,0.1342341942165066,0.1319650572132696,355.5743520259857,194.8603398799896,0.2,11
0.0890914834875291,0.0893216123885,0.017590965338858,0.0171897191773609,0.1326309365829032,0.1311095693584603,359.365993976593,238.30934810638428,0.2,12
0.0860081341514047,0.0878790988772475,0.0165001149082123,0.0163085261508857,0.1284527730654824,0.1277048399665639,309.2385380268097,200.9861400127411,0.2,13
0.0862065969583311,0.0879556977207502,0.0166876972806987,0.0166918338235766,0.129180870413149,0.1291968800845309,301.103511095047,235.6978840827942,0.2,14
0.0875398860538543,0.0885530429583619,0.0169704783946373,0.0165782182177401,0.1302707887234792,0.1287564298112531,243.698557138443,194.3185269832611,0.2,15
0.0911215363449991,0.0912680736687763,0.0184861211412747,0.0177930347396089,0.1359636758155453,0.1333905346702267,394.19759798049927,274.33007311820984,0.2,16
0.0900526130777124,0.0906022889782137,0.0179690785094807,0.0176926461802457,0.1340487915256261,0.1330137067382369,298.134574174881,231.0299859046936,0.2,17
0.0907721768260549,0.0911938511840508,0.0188118267465557,0.0178605244397378,0.1371562129345797,0.133643273080757,338.734071969986,205.574474811554,0.2,18
0.0914508776280439,0.0897204747651244,0.0185172747672157,0.0171557830310664,0.1360781935771331,0.1309800863912771,342.7666630744934,238.2355380058289,0.2,19
0.0880502964200994,0.0892877526773724,0.0174101711402164,0.017121425074415,0.1319476075577591,0.1308488634815567,307.0857501029968,257.3891167640686,0.2,20
0.0876323265891031,0.0868756575559274,0.0168129388556838,0.0159395616033476,0.1296647170809539,0.1262519766314478,312.52032113075256,229.81161189079285,0.2,21
0.0876846883342389,0.089716002264987,0.0169700039889785,0.0166757232210832,0.1302689678664051,0.1291345159943042,272.09406208992004,259.8131458759308,0.2,22
0.0873448245530291,0.0886580036884248,0.0168258607441855,0.0165734370412479,0.1297145355933003,0.1287378617239232,276.7113561630249,270.53933787345886,0.2,23
0.0910134656046851,0.0900283721033924,0.0183050044717891,0.0172065089470312,0.1352959883802514,0.1311735832667203,317.6846079826355,268.4866518974304,0.2,24
0.0892309914983088,0.0900136380451352,0.0179537139940822,0.0171481042593183,0.1339914698556674,0.1309507703655015,354.65151810646057,249.32084774971008,0.2,25
0.0881614917654259,0.0886348770081392,0.0173793757181313,0.0167578716582414,0.1318308602647017,0.1294521983522931,393.0663638114929,293.0831890106201,0.2,26
0.0891883551586049,0.0887459877542981,0.017706292788713,0.0167934754112713,0.1330649946030623,0.1295896423765083,354.0295300483704,304.8576500415802,0.2,27
0.0888474984890975,0.0882757324085717,0.0173408392471511,0.0164819330760832,0.1316846203895927,0.1283819811191713,234.31470799446103,195.5143160820008,0.2,28
0.0919148650308051,0.0920138404378113,0.0182265536380352,0.0176414217914828,0.1350057540923172,0.1328210141185606,393.0255999565125,181.8937590122223,0.2,29
0.1169064642298166,0.1147814852134949,0.0288631586670863,0.0263708452444525,0.1698916085834917,0.1623910257509709,270.97437500953674,197.86095905303955,0.4,0
0.1208390267137154,0.1184969261369069,0.0301788168770418,0.0274688832441287,0.1737205136909335,0.1657373924138085,208.7514410018921,217.19123196601868,0.4,1
0.1215375492642617,0.1191080540946446,0.0303904077151638,0.0278653636694873,0.1743284478080496,0.1669292175429075,240.16298604011536,183.13644313812256,0.4,2
0.1169669582438227,0.1162529812869886,0.0280194687168802,0.0265219005271895,0.1673901691165888,0.1628554590033429,88.1187469959259,158.77806115150452,0.4,3
0.1190300192440667,0.1166165083331634,0.0292905029399462,0.0260858136031036,0.1711446842292982,0.1615110324501197,149.24947834014893,242.7490081787109,0.4,4
0.1165287813390979,0.1193248643637854,0.028438722287604,0.0279356734710962,0.1686378435808642,0.1671396825146447,208.8846170902252,213.4566388130188,0.4,5
0.1153212312859199,0.1174553666835498,0.0276059124191365,0.026816006412294,0.1661502705960376,0.1637559355024849,149.60457491874695,160.31800484657288,0.4,6
0.1125929837930181,0.1153236054541641,0.0265269995866458,0.0257054662113275,0.1628711134199243,0.160329243157097,301.41912508010864,229.39634799957275,0.4,7
0.1196895453493934,0.1176738296915341,0.029520451092766,0.0271618198018552,0.1718151654911929,0.1648084336490558,240.9655079841613,201.44545602798465,0.4,8
0.1205261667570562,0.1178336647216229,0.0298238917621401,0.0270416517149094,0.1726959517827216,0.1644434605416384,270.0696017742157,207.08372592926025,0.4,9
0.1170452162024969,0.1178079071288786,0.0289201494648016,0.0273343326610862,0.1700592528056077,0.1653309791330294,270.0882749557495,233.99395513534543,0.4,10
0.1175884672988162,0.1170340183321637,0.0288749111237703,0.0265049847853861,0.1699261931656517,0.1628035158876679,208.49102210998527,195.8160569667816,0.4,11
0.1179904730483569,0.1162574605684628,0.0285604656682674,0.0263010239572479,0.1689984191294918,0.1621759043669802,297.91606307029724,223.66206288337708,0.4,12
0.1138143701418325,0.1147245095775723,0.0271146709568516,0.0257173476069163,0.164665330160455,0.1603662919909179,300.09073996543884,244.641371011734,0.4,13
0.1190462165370196,0.1175371498435462,0.0295660099338699,0.0269352417985487,0.1719476953432931,0.1641195960223785,296.34113812446594,194.58560585975647,0.4,14
0.1167739366555677,0.1165653821160582,0.0286975182717185,0.0266498779041647,0.1694034187131964,0.1632479032152167,297.62895488739014,243.0453808307648,0.4,15
0.1219062431032011,0.1172118545825665,0.0302223646017386,0.0268348866332873,0.1738458069719792,0.1638135727993482,267.6763780117035,241.05625867843628,0.4,16
0.120942053071011,0.1182905661607119,0.0307241375693943,0.0270724203854184,0.1752830213380471,0.1645369878945718,299.6651577949524,232.7027831077576,0.4,17
0.1178952542215002,0.1167300015269382,0.0283649306568209,0.0261808862260666,0.1684189141896508,0.1618050871452027,297.6192638874054,199.3829760551453,0.4,18
0.1161219196722564,0.1160988198697403,0.028490740595033,0.0265883167868848,0.1687920039428204,0.1630592431813813,298.1623070240021,226.2519998550415,0.4,19
0.1142163883458692,0.1156543900896553,0.0273807145427946,0.0262906815785433,0.1654711894644946,0.1621440149328471,266.6218087673187,239.78155398368835,0.4,20
0.1160956714812276,0.1178148088432566,0.0278286547520739,0.0271925541862851,0.1668192277648892,0.1649016500411234,295.6943287849426,212.3363959789276,0.4,21
0.116324346287959,0.1146030594278932,0.0275995141781014,0.0254597901593509,0.1661310150998343,0.1595612426604624,177.1169400215149,206.5036289691925,0.4,22
0.1189017793729069,0.1172494941067113,0.0291814001792931,0.0267640234419468,0.1708256426280703,0.1635971376337215,295.8426339626312,199.10954976081848,0.4,23
0.1189525589799973,0.1163401164782557,0.0297092567873411,0.0259872526977278,0.1723637339678539,0.1612056224135122,266.30199003219604,207.82651090621948,0.4,24
0.1167734896223276,0.1162929216703515,0.0284854567208829,0.0266073099334297,0.1687763511896229,0.1631174728023632,296.30136489868164,204.3710641860962,0.4,25
0.1171913704112952,0.1161878690566008,0.0289362168603495,0.0259076591428813,0.1701064868261922,0.1609585634344484,236.89539098739624,242.18873119354248,0.4,26
0.1218184686884252,0.1182466855363647,0.0303115646702615,0.0269633115282337,0.1741021673336134,0.1642050898365631,299.1007170677185,192.5842561721801,0.4,27
0.1157958520810583,0.1137972526827854,0.0275983253299811,0.025482937090223,0.1661274370174328,0.1596337592435355,267.730654001236,197.6575219631195,0.4,28
0.1212403635566802,0.1199906205611826,0.0307972857756865,0.0282823042870521,0.1754915547132869,0.1681734351407859,207.12748217582703,213.89669394493103,0.4,29
0.1504437845571179,0.1526827566915761,0.0439113316294004,0.0414168622978803,0.2095503081109651,0.2035113321117041,207.4398899078369,124.2536120414734,0.6,0
0.1466153399558226,0.1493433261511075,0.0416621797068292,0.0405208450539009,0.204113154173927,0.2012979012655148,205.92014694213867,158.7990369796753,0.6,1
0.1459496873947998,0.1515484679088397,0.0409183257456263,0.0410040641909269,0.2022827865776678,0.2024946028686368,208.17063975334167,156.2646849155426,0.6,2
0.1436656556038456,0.1504796864750915,0.0396794874026183,0.0400928994619537,0.199197106913274,0.2002321139626552,142.88055205345154,154.52664399147034,0.6,3
0.1463472910556846,0.1533899127218015,0.041473480819615,0.041169708555845,0.2036503887047973,0.2029031999645276,204.7983281612396,166.02290105819702,0.6,4
0.1453324570497855,0.1494532036159184,0.0403969243103816,0.040082741689996,0.2009898612129021,0.2002067473638089,205.35935306549072,167.52449297904968,0.6,5
0.1396933903971714,0.145217154337246,0.0374083776045271,0.0385603020935338,0.1934124546261877,0.1963677725430877,59.60970211029053,104.29976916313171,0.6,6
0.1422237421260813,0.1496529894050558,0.0386827683392428,0.039424733556741,0.1966793541255483,0.1985566255674714,101.2107870578766,130.615140914917,0.6,7
0.1435810315646744,0.151369167616225,0.0403873430770991,0.0410909608193396,0.2009660246835248,0.2027090546062005,121.09390878677368,142.03298616409302,0.6,8
0.1438360759232184,0.1468786771416204,0.0395334779733325,0.0380237074060497,0.1988302742877263,0.1949966856283708,101.96809005737305,133.04276776313782,0.6,9
0.1455079155111931,0.1474062096995997,0.0414497472526561,0.0390124306016841,0.2035921099960805,0.1975156464730936,207.3704571723938,136.49835205078125,0.6,10
0.1457811617421524,0.1499045811916421,0.0417438947142995,0.0401949576751783,0.2043132269685434,0.2004868017480909,206.76290202140808,133.1546769142151,0.6,11
0.1484195892061613,0.1516659254018248,0.0418989273267443,0.0401096350148297,0.2046922747119302,0.2002738999840712,205.9880528450012,146.9928228855133,0.6,12
0.145072878163369,0.14858045533911,0.0404580959826121,0.0392590333912113,0.2011419796626555,0.198138924472733,142.86919808387756,114.78724217414856,0.6,13
0.1419834147561175,0.1513934558472965,0.0387945535073171,0.0405346005482164,0.196963330362068,0.2013320653751321,101.17804074287416,140.80156803131104,0.6,14
0.1420816590165344,0.1503680496709407,0.0390801563396621,0.0399291919829307,0.1976870161130015,0.1998229015476722,101.73615527153017,129.62696194648743,0.6,15
0.14656996021558,0.1510808875587697,0.0419506988603714,0.040643989729809,0.2048186975360683,0.2016035459256831,182.63576912879944,132.80398678779602,0.6,16
0.1455376754330254,0.1473787285236659,0.0407293872216717,0.0382850565565901,0.2018152304006606,0.195665675468617,185.2200231552124,147.4560010433197,0.6,17
0.1481735005092603,0.1516474302707791,0.0425760423708736,0.0398360217502902,0.2063396286971402,0.1995896333738059,205.62566804885864,157.45053696632385,0.6,18
0.1484375315395686,0.1525514399432012,0.0421956858003357,0.0412280609291618,0.2054158849756651,0.2030469426737616,205.4870960712433,166.41278791427612,0.6,19
0.1435725544558611,0.1465058684080679,0.0399325514548256,0.0384592315396744,0.1998313074941603,0.1961102535301876,164.60877108573914,167.18838000297546,0.6,20
0.1460952352392201,0.1493543929243388,0.0419342181692449,0.0403512930346121,0.2047784611946407,0.2008763127763255,185.73937106132507,150.86836075782776,0.6,21
0.1451175044178472,0.1495688055304293,0.0411380614172004,0.039305054441289,0.2028251991671656,0.1982550237479218,203.04888105392456,131.20086288452148,0.6,22
0.1464675221989814,0.1506239727060625,0.0420473099268735,0.0397703413105601,0.2050544072359176,0.1994250267909224,206.67815804481504,166.1410150527954,0.6,23
0.1445193290182213,0.1471928031918414,0.040297099748896,0.0390529273054411,0.2007413752789792,0.1976181350621473,100.17752695083618,101.75185799598694,0.6,24
0.148377384081214,0.152716575237177,0.0435042122563582,0.0409154800726592,0.2085766340133963,0.2022757525573918,204.45781803131104,133.27100086212158,0.6,25
0.148398156402252,0.152552456258752,0.0423447944221479,0.0411060984146453,0.20577850816387,0.2027463893997753,203.10790300369263,165.1196506023407,0.6,26
0.1450259355349817,0.1493635759682224,0.0406703482874957,0.040498370187192,0.2016689075874011,0.2012420686317652,164.66216492652893,139.99747800827026,0.6,27
0.1487541591596813,0.1534729972687268,0.0436779310797992,0.0419347416788706,0.2089926579566833,0.2047797394247551,204.3788878917694,136.88216495513916,0.6,28
0.1477104781938244,0.1534568624021851,0.0422763137725164,0.0417538841437305,0.2056120467592219,0.2043376718662777,206.24197483062744,138.72603178024292,0.6,29
0.173687748473978,0.1904417052668803,0.0538140390006777,0.0562521844817093,0.2319785313357203,0.237175429759723,67.48649024963379,52.16522789001465,0.8,0
0.1768454599256426,0.1833482068877024,0.0549394127668518,0.0534372629893203,0.2343915799828394,0.2311650124679777,66.10094285011292,70.1366548538208,0.8,1
0.1763448515150202,0.1868735823610101,0.0552134059430621,0.0551209055067535,0.2349753304988891,0.2347784178896211,78.5713140964508,72.63984084129333,0.8,2
0.1828127554847888,0.1787748483337105,0.0590975202956774,0.0535609127263671,0.2430998154990608,0.231432307006535,112.1256902217865,68.1238751411438,0.8,3
0.1789822545581793,0.1834059651025209,0.0578143910810648,0.0546857643767182,0.2404462332436606,0.2338498757252571,113.64315390586852,76.85507822036743,0.8,4
0.1753219660503984,0.1800554592032266,0.0539826863808716,0.0524797558350716,0.2323417448089595,0.2290846040987296,113.88856601715088,70.47315287590027,0.8,5
0.1762273015272538,0.1832929617668905,0.0557174126227093,0.053217987500161,0.2360453613666435,0.2306902414497869,114.73706102371216,59.01345610618591,0.8,6
0.172841390346328,0.175604521806783,0.0525674117618132,0.0522230579947932,0.2292758420806981,0.2285236486554361,42.78395891189575,46.18760299682617,0.8,7
0.1808310002077186,0.184490611764095,0.059623581214112,0.0550167700927327,0.2441794037467371,0.2345565392239849,113.10706496238708,52.63470816612244,0.8,8
0.1791596691968494,0.17802845517,0.0571354423574423,0.0509484563907537,0.2390302122273297,0.2257176474951698,114.95755195617676,74.1506290435791,0.8,9
0.1751503416474097,0.1784049183399387,0.0553258200789915,0.0531354929256718,0.2352144129916183,0.2305113726601615,91.57384181022644,73.23350501060486,0.8,10
0.175707612552397,0.1758242402203436,0.05383185609422,0.0522367120014705,0.2320169306197719,0.2285535210874481,43.52551603317261,67.09753584861755,0.8,11
0.1777695997783226,0.1833329256601461,0.0579794134310455,0.0532566672133523,0.2407891472451479,0.2307740609629955,77.52013897895813,58.91863203048706,0.8,12
0.1791112890576217,0.1802476911991534,0.0573473923466328,0.0531116900513476,0.239473155795452,0.2304597362910658,103.03185510635376,77.09339594841003,0.8,13
0.1768262356820231,0.1790223384569371,0.056821787673178,0.0509765252180439,0.2383732108966484,0.2257798157897289,102.69143080711363,70.71464800834656,0.8,14
0.1710544358905977,0.1771481552577517,0.0511392113812213,0.0517692206324852,0.2261398049464565,0.2275285050987794,19.74231195449829,62.49109506607056,0.8,15
0.1839505550257154,0.1787836203190471,0.0607726378166232,0.0526111604137388,0.2465210697214809,0.2293712283913107,113.04096579551695,73.69659805297852,0.8,16
0.1790515691407162,0.1789638932938832,0.057399523053579,0.052436708599336,0.239581975644202,0.2289906299378558,91.33424472808838,69.3477041721344,0.8,17
0.1798114145150043,0.1785326719768889,0.0582645589337317,0.051673610888363,0.2413805272463621,0.2273183030210349,114.14530205726624,85.64763593673706,0.8,18
0.1819194543050867,0.1831874112618122,0.057923188188261,0.0535747603933146,0.2406723668979492,0.231462222389129,116.11655497550964,74.09752583503723,0.8,19
0.1760643646121063,0.1813325328584359,0.0550978110213807,0.0553908186060067,0.234729229158579,0.2353525411080294,114.46519470214844,64.09124994277954,0.8,20
0.1714090001105563,0.1758851883366628,0.0520436677954009,0.0492421457181366,0.2281308129021612,0.221905713577043,43.38733077049256,73.956209897995,0.8,21
0.1780846615813296,0.1807774383042247,0.0557842926671242,0.0528939043524415,0.2361869866591389,0.2299867482105034,91.23422598838806,85.67067074775696,0.8,22
0.1741566911625484,0.1810299408999706,0.0531419583611299,0.052990022095565,0.2305253963474089,0.2301956170207525,32.1209180355072,74.14544916152954,0.8,23
0.1808503529268658,0.1804448882875007,0.0578577838974098,0.0555941775394125,0.2405364502469632,0.235784175761251,116.3023190498352,59.5518159866333,0.8,24
0.181295826148421,0.1758923789121585,0.0596742523615337,0.0526495214543924,0.2442831397406169,0.2294548353258053,89.57071590423584,82.327476978302,0.8,25
0.1949297382863892,0.1756199934337471,0.0642963925669034,0.0511032883845832,0.2535673333986525,0.226060364470606,78.92638492584229,70.38757109642029,0.8,26
0.1765341058204912,0.1757829341465454,0.0577904681509847,0.0511278421406332,0.2403964811534993,0.2261146659123048,114.6981601715088,83.600919008255,0.8,27
0.1799953021380264,0.1834489730427259,0.056031213294109,0.0539774994865543,0.236709132257522,0.23233058233163,114.94343209266664,77.0376489162445,0.8,28
0.17576434028447888,0.1796025102656529,0.05416065937815647,0.05275833585307769,0.23272442797900797,0.22969182800673968,43.1912477016449,59.89923095703125,0.8,29
