RF_mae,RF_mse,RF_rmse,RF_time,MissingRate,run
0.0889712533874763,0.0164940126906276,0.1284290181019368,14.198244094848633,0.2,0
0.0896855517384011,0.0167631404919911,0.1294725472522692,14.01586103439331,0.2,1
0.0899355331057369,0.0170637895810729,0.130628440934863,13.721145868301392,0.2,2
0.0902148385294093,0.0170293271303611,0.1304964640530964,13.812665939331056,0.2,3
0.0890489766967262,0.0164957257479822,0.1284356872056293,13.871950149536133,0.2,4
0.0897296973722088,0.0169702889303815,0.130270061527511,13.91671895980835,0.2,5
0.0887790617832783,0.0167380967427218,0.1293757965877768,13.642563819885254,0.2,6
0.0894594554360478,0.0168076947486829,0.1296444937075343,14.453658103942873,0.2,7
0.0876171907145602,0.0163369619232326,0.1278161254428902,14.26449203491211,0.2,8
0.088723352671555,0.016409910955903,0.1281011746858829,14.162829160690308,0.2,9
0.088339970464985,0.0162908997427167,0.1276358090142291,14.030823707580566,0.2,10
0.089937513218365,0.016698033136266,0.1292208695848548,14.273984909057615,0.2,11
0.0899574265392258,0.0172252616305078,0.1312450442131351,14.271785974502563,0.2,12
0.0901295172410887,0.0173087101269929,0.1315625711476974,14.212204933166504,0.2,13
0.0875604534829923,0.0161084564043007,0.1269190939311369,14.030164957046509,0.2,14
0.089169163299862,0.0167698242861382,0.1294983563067048,14.149249076843262,0.2,15
0.0909211925295864,0.0176245735454359,0.1327575743429953,14.106063842773438,0.2,16
0.087898628017159,0.0163813040615652,0.127989468557242,14.267622947692873,0.2,17
0.0897577356541535,0.01689425942386,0.1299779189857265,14.15590476989746,0.2,18
0.0902446457377018,0.0170019221169728,0.1303914188778268,14.31047511100769,0.2,19
0.0899451891362242,0.0170747348270214,0.1306703287935767,14.12924599647522,0.2,20
0.0913241383359209,0.0174008969615352,0.1319124594628394,14.160298109054564,0.2,21
0.0906137732273067,0.0176192228910574,0.1327374208392548,14.279650926589966,0.2,22
0.0893221012251753,0.0168248292932609,0.1297105596829377,13.919979095458984,0.2,23
0.0902014770887968,0.0171629862125693,0.1310075807446629,14.168976068496704,0.2,24
0.0883279177195939,0.0167279914963332,0.129336736839667,14.136006116867064,0.2,25
0.0911458515967639,0.017585301392832,0.1326095825829794,14.119976997375488,0.2,26
0.0907105124754586,0.0175055620829922,0.1323085865807367,14.243707180023192,0.2,27
0.0867305829407285,0.0160664374310971,0.1267534513577327,14.205801010131836,0.2,28
0.0910883930768848,0.0177965257781023,0.133403619808843,14.046776056289673,0.2,29
0.1109999808397669,0.023854160806859,0.1544479226369169,12.523553609848022,0.4,0
0.1110161543407049,0.0244840931487914,0.1564739376023734,12.440784215927124,0.4,1
0.1115620278184742,0.0244311312061259,0.1563046103162857,12.572513818740845,0.4,2
0.1102572980885585,0.0242940126334269,0.15586536701085,12.52749800682068,0.4,3
0.1113994135475169,0.0243443756686837,0.1560268427825281,12.376965284347534,0.4,4
0.1108153990206867,0.0241969660458428,0.1555537400573925,12.489185094833374,0.4,5
0.1103830818009627,0.0238389942576168,0.1543988155965479,12.571429967880247,0.4,6
0.1119359068423998,0.0248868800392269,0.1577557607164534,12.378387928009031,0.4,7
0.111799287301749,0.0247920524757611,0.1574549220436158,12.446002960205078,0.4,8
0.1115042131672579,0.0245965093613125,0.1568327432691035,12.425698041915894,0.4,9
0.1104455884794028,0.0239547509663446,0.154773224319792,12.56717300415039,0.4,10
0.1114805368003204,0.0247295385501098,0.1572562830226819,12.598844051361084,0.4,11
0.1082711602944955,0.02288839022392,0.1512890948611962,12.536635160446169,0.4,12
0.1109459803402032,0.0243220251435945,0.1559552023614297,12.441287279129028,0.4,13
0.1113558845198348,0.0241174239069661,0.1552978554487025,12.38381004333496,0.4,14
0.1099873475344993,0.0238629510618501,0.1544763770349699,12.659325122833252,0.4,15
0.1108673902908086,0.024222499333751,0.1556357906580329,12.255511999130247,0.4,16
0.1098124012852997,0.0237371762211968,0.1540687386240209,12.537908792495728,0.4,17
0.1098828764620133,0.0239523657171121,0.154765518501739,12.510654926300049,0.4,18
0.1138465546186161,0.0254395126999593,0.1594976886978595,12.503393650054932,0.4,19
0.1110302801600314,0.0242877330422362,0.1558452214289429,12.443114042282104,0.4,20
0.1090606735151171,0.0236921573449317,0.1539225693163018,12.489655017852783,0.4,21
0.1125851476946578,0.0248931183552087,0.1577755315478566,12.580245971679688,0.4,22
0.1108435364758731,0.0242795334269032,0.1558189122889235,12.974012851715088,0.4,23
0.1106763579626257,0.0245311209321097,0.1566241390466672,12.333603858947754,0.4,24
0.1107361942338682,0.0240704157935327,0.1551464333896616,12.607351064682009,0.4,25
0.1116527139379022,0.0245972153544598,0.1568349940365982,12.54007601737976,0.4,26
0.1113464041140812,0.0244499232879989,0.156364712412996,12.483008861541748,0.4,27
0.1105343892503666,0.0241314530950142,0.155343017528997,12.293717861175535,0.4,28
0.1119585931988652,0.0247002707875622,0.1571631979426552,12.884162187576294,0.4,29
0.1357766336248332,0.0344408211552539,0.1855823837417063,10.603581190109251,0.6,0
0.1387671107610666,0.0353064163158874,0.1879000168065119,10.19107985496521,0.6,1
0.1373785176030921,0.0348895677429408,0.1867874935399607,10.241115808486938,0.6,2
0.136636392199388,0.0345124783580577,0.1857753437839848,10.42210292816162,0.6,3
0.1356873841458304,0.0341517156910467,0.1848018281593738,10.272171020507812,0.6,4
0.139019633676936,0.0364373353098906,0.1908856603045148,10.352240085601808,0.6,5
0.139064717498537,0.0355264632981329,0.1884846500331868,10.321051120758057,0.6,6
0.1389415199418684,0.0359625378225945,0.1896379124083434,10.42757487297058,0.6,7
0.1372004127510846,0.0351984250360041,0.1876124330528339,10.23566222190857,0.6,8
0.1359202995284493,0.0348872934788268,0.1867814056024497,10.536641836166382,0.6,9
0.1364087338526677,0.0350655930335822,0.1872580920376534,10.63500189781189,0.6,10
0.1384075635036822,0.0353784950948123,0.1880917198996606,10.929594993591309,0.6,11
0.136566562045365,0.0348217229561932,0.1866057956125512,10.53753399848938,0.6,12
0.1365934084138386,0.0349784950721669,0.1870253861703457,10.857032060623167,0.6,13
0.1370037653870247,0.0352475617910495,0.1877433402042522,11.733521938323976,0.6,14
0.1373794826897696,0.0347926110371619,0.1865277755112143,11.197638750076294,0.6,15
0.137063817334154,0.0345535902980182,0.185885960465061,10.486046314239502,0.6,16
0.1340032487422026,0.0343300498123226,0.1852837008814393,10.546275854110718,0.6,17
0.1345545780696719,0.0342194191200576,0.1849849159257521,10.253793001174929,0.6,18
0.1388801160311089,0.0361206766354792,0.1900544044095774,10.460188150405884,0.6,19
0.1370476369359455,0.0349686170325055,0.1869989760199385,10.096139907836914,0.6,20
0.1391811123536321,0.036168487047714,0.1901801436736076,10.389034986495972,0.6,21
0.1375543241362224,0.0353530037620456,0.1880239446507961,10.37496781349182,0.6,22
0.1354897970428848,0.0343542459496244,0.1853489842152486,10.327720880508425,0.6,23
0.1382014893372607,0.0354688834427554,0.1883318439424289,10.23527193069458,0.6,24
0.1355177077423578,0.0344998198703615,0.1857412713167472,10.381039142608644,0.6,25
0.1365546171897555,0.0347406547010754,0.1863884510936109,10.085376024246216,0.6,26
0.1353414647029501,0.0340096064051991,0.1844169363296091,10.423096895217896,0.6,27
0.1377325152075212,0.0358422933452497,0.1893206099325949,10.270405769348145,0.6,28
0.134914894218558,0.0344005534306864,0.1854738618530558,10.150706768035889,0.6,29
0.1710637026301968,0.0502185589164773,0.2240949774458976,7.447029113769531,0.8,0
0.1679160999342703,0.0488839705059835,0.2210971969654604,7.180889844894409,0.8,1
0.1690919034588244,0.0499952015981433,0.2235960679398081,7.564440727233887,0.8,2
0.1693379988850607,0.0500001388684483,0.2236071082690538,7.281272172927856,0.8,3
0.1690137730863613,0.0497562593204113,0.2230611111790025,7.534948110580444,0.8,4
0.1687101582379633,0.0494867109800896,0.2224560877568642,7.770845890045166,0.8,5
0.1690711923928151,0.0501371100045375,0.2239131751472823,7.379449129104614,0.8,6
0.167516519450472,0.0492826936601917,0.2219970577737276,7.674084186553955,0.8,7
0.1669310819403221,0.0495767384808129,0.2226583447365333,7.72149395942688,0.8,8
0.1701013201321656,0.0501332335406685,0.223904518803593,7.969894170761108,0.8,9
0.1684845267571705,0.0498754614480471,0.2233281474602947,8.346766948699951,0.8,10
0.1690838407726035,0.0499611792030117,0.2235199749530491,7.453793048858643,0.8,11
0.1679100045057099,0.0494633985949122,0.2224036838609295,7.217708110809326,0.8,12
0.1684263690658157,0.0493693190359725,0.222192076897383,7.777291059494018,0.8,13
0.1680717828009405,0.0493165091564488,0.2220732067504967,7.223399877548218,0.8,14
0.1660468121905961,0.0485280086956753,0.2202907367450464,7.352943897247314,0.8,15
0.1692056966136212,0.049927533797416,0.2234446996404614,7.382118225097656,0.8,16
0.1709177458550643,0.0511052902684141,0.2260647921911196,7.400557041168213,0.8,17
0.1670598460613932,0.0488952580672817,0.2211227217345194,7.829410076141357,0.8,18
0.1688768790081667,0.0496696523838326,0.2228668938712805,7.750917196273804,0.8,19
0.1697755939806867,0.0503129106116381,0.2243053958593911,7.458413124084473,0.8,20
0.1693033730391741,0.0513510445564068,0.2266076886524525,7.627839088439941,0.8,21
0.1716975641409109,0.0517918841615923,0.2275783033630234,7.726701974868774,0.8,22
0.1693507239166123,0.0501864474025613,0.2240233188812301,7.687466859817505,0.8,23
0.1671367115523326,0.0492424334800661,0.2219063619639286,7.396640062332153,0.8,24
0.1687842798632695,0.0493333018840956,0.2221110125232328,7.413054943084717,0.8,25
0.1699126986719903,0.0510470927608579,0.2259360368795955,7.338927268981934,0.8,26
0.1671123455812062,0.0487971827223663,0.2209008436434011,7.850927114486694,0.8,27
0.171084374137355,0.0511713149600588,0.2262107755171243,7.633562088012695,0.8,28
0.16717810518255594,0.04885793287432573,0.22103830635056387,7.570516109466553,0.8,29
