CBMI_mae,IClf_mae,CBMI_mse,IClf_mse,CBMI_rmse,IClf_rmse,CBMI_time,IClf_time,MissingRate,run,RF_mae,RF_mse,RF_rmse,RF_time
0.0899716907684613,0.0913185363867395,0.0180662829698108,0.0179841816196398,0.1344108737037702,0.1341051140696725,303.37841796875,208.66181588172915,0.2,0,0.0889712533874763,0.0164940126906276,0.1284290181019368,14.198244094848633
0.0890605815356223,0.0900734799475293,0.0170224484507618,0.0166852164576864,0.1304701055827038,0.129171267926294,320.68500089645386,228.23974299430847,0.2,1,0.0896855517384011,0.0167631404919911,0.1294725472522692,14.01586103439331
0.0893067698609985,0.0907419284717087,0.0175812363130549,0.0172538206600321,0.1325942544496363,0.1313537995645049,341.3665771484375,168.99234890937805,0.2,2,0.0899355331057369,0.0170637895810729,0.130628440934863,13.721145868301392
0.0898392714137173,0.0898767681598148,0.0179586512456982,0.0171799515985053,0.1340098923426859,0.1310723143860111,340.0905668735504,259.6369631290436,0.2,3,0.0902148385294093,0.0170293271303611,0.1304964640530964,13.812665939331056
0.0897018993777065,0.0893729418514705,0.0177422644472848,0.0163883590872819,0.1332000917690556,0.1280170265522597,235.48341298103333,173.97744703292847,0.2,4,0.0890489766967262,0.0164957257479822,0.1284356872056293,13.871950149536133
0.0890061643141669,0.0889771208142984,0.0182129979980024,0.0173940231023584,0.1349555408199398,0.1318864022648218,337.2175841331482,229.69074511528007,0.2,5,0.0897296973722088,0.0169702889303815,0.130270061527511,13.91671895980835
0.0906372061701959,0.0898789925073113,0.0181293002357854,0.0169299339898653,0.134645089905965,0.1301150797942549,305.6329908370972,262.15311002731323,0.2,6,0.0887790617832783,0.0167380967427218,0.1293757965877768,13.642563819885254
0.0899491652854488,0.0900711227762179,0.0180453784625984,0.0172458360385973,0.1343330877431114,0.1313234024787562,307.4805760383606,291.5510540008545,0.2,7,0.0894594554360478,0.0168076947486829,0.1296444937075343,14.453658103942873
0.0893409950854833,0.0883055737404015,0.0176395173498123,0.0169537411209771,0.1328138447218976,0.1302065325587667,348.5073878765106,238.2259788513184,0.2,8,0.0876171907145602,0.0163369619232326,0.1278161254428902,14.26449203491211
0.0898373043226122,0.0907024805628748,0.0175616577981213,0.0171087286753139,0.1325204052141455,0.1308003389724735,230.14603805541992,207.56883907318115,0.2,9,0.088723352671555,0.016409910955903,0.1281011746858829,14.162829160690308
0.0887423951104781,0.0899461401515758,0.0178034580567199,0.0175813599463358,0.1334295996273689,0.1325947206578597,169.75449395179749,214.25926995277405,0.2,10,0.088339970464985,0.0162908997427167,0.1276358090142291,14.030823707580566
0.0899070646938553,0.0896091793018339,0.0180188188969548,0.0174147763253015,0.1342341942165066,0.1319650572132696,355.5743520259857,194.8603398799896,0.2,11,0.089937513218365,0.016698033136266,0.1292208695848548,14.273984909057615
0.0890914834875291,0.0893216123885,0.017590965338858,0.0171897191773609,0.1326309365829032,0.1311095693584603,359.365993976593,238.30934810638428,0.2,12,0.0899574265392258,0.0172252616305078,0.1312450442131351,14.271785974502563
0.0860081341514047,0.0878790988772475,0.0165001149082123,0.0163085261508857,0.1284527730654824,0.1277048399665639,309.2385380268097,200.9861400127411,0.2,13,0.0901295172410887,0.0173087101269929,0.1315625711476974,14.212204933166504
0.0862065969583311,0.0879556977207502,0.0166876972806987,0.0166918338235766,0.129180870413149,0.1291968800845309,301.103511095047,235.6978840827942,0.2,14,0.0875604534829923,0.0161084564043007,0.1269190939311369,14.030164957046509
0.0875398860538543,0.0885530429583619,0.0169704783946373,0.0165782182177401,0.1302707887234792,0.1287564298112531,243.698557138443,194.3185269832611,0.2,15,0.089169163299862,0.0167698242861382,0.1294983563067048,14.149249076843262
0.0911215363449991,0.0912680736687763,0.0184861211412747,0.0177930347396089,0.1359636758155453,0.1333905346702267,394.19759798049927,274.33007311820984,0.2,16,0.0909211925295864,0.0176245735454359,0.1327575743429953,14.106063842773438
0.0900526130777124,0.0906022889782137,0.0179690785094807,0.0176926461802457,0.1340487915256261,0.1330137067382369,298.134574174881,231.0299859046936,0.2,17,0.087898628017159,0.0163813040615652,0.127989468557242,14.267622947692873
0.0907721768260549,0.0911938511840508,0.0188118267465557,0.0178605244397378,0.1371562129345797,0.133643273080757,338.734071969986,205.574474811554,0.2,18,0.0897577356541535,0.01689425942386,0.1299779189857265,14.15590476989746
0.0914508776280439,0.0897204747651244,0.0185172747672157,0.0171557830310664,0.1360781935771331,0.1309800863912771,342.7666630744934,238.2355380058289,0.2,19,0.0902446457377018,0.0170019221169728,0.1303914188778268,14.31047511100769
0.0880502964200994,0.0892877526773724,0.0174101711402164,0.017121425074415,0.1319476075577591,0.1308488634815567,307.0857501029968,257.3891167640686,0.2,20,0.0899451891362242,0.0170747348270214,0.1306703287935767,14.12924599647522
0.0876323265891031,0.0868756575559274,0.0168129388556838,0.0159395616033476,0.1296647170809539,0.1262519766314478,312.52032113075256,229.81161189079285,0.2,21,0.0913241383359209,0.0174008969615352,0.1319124594628394,14.160298109054564
0.0876846883342389,0.089716002264987,0.0169700039889785,0.0166757232210832,0.1302689678664051,0.1291345159943042,272.09406208992004,259.8131458759308,0.2,22,0.0906137732273067,0.0176192228910574,0.1327374208392548,14.279650926589966
0.0873448245530291,0.0886580036884248,0.0168258607441855,0.0165734370412479,0.1297145355933003,0.1287378617239232,276.7113561630249,270.53933787345886,0.2,23,0.0893221012251753,0.0168248292932609,0.1297105596829377,13.919979095458984
0.0910134656046851,0.0900283721033924,0.0183050044717891,0.0172065089470312,0.1352959883802514,0.1311735832667203,317.6846079826355,268.4866518974304,0.2,24,0.0902014770887968,0.0171629862125693,0.1310075807446629,14.168976068496704
0.0892309914983088,0.0900136380451352,0.0179537139940822,0.0171481042593183,0.1339914698556674,0.1309507703655015,354.65151810646057,249.32084774971008,0.2,25,0.0883279177195939,0.0167279914963332,0.129336736839667,14.136006116867064
0.0881614917654259,0.0886348770081392,0.0173793757181313,0.0167578716582414,0.1318308602647017,0.1294521983522931,393.0663638114929,293.0831890106201,0.2,26,0.0911458515967639,0.017585301392832,0.1326095825829794,14.119976997375488
0.0891883551586049,0.0887459877542981,0.017706292788713,0.0167934754112713,0.1330649946030623,0.1295896423765083,354.0295300483704,304.8576500415802,0.2,27,0.0907105124754586,0.0175055620829922,0.1323085865807367,14.243707180023192
0.0888474984890975,0.0882757324085717,0.0173408392471511,0.0164819330760832,0.1316846203895927,0.1283819811191713,234.31470799446103,195.5143160820008,0.2,28,0.0867305829407285,0.0160664374310971,0.1267534513577327,14.205801010131836
0.0919148650308051,0.0920138404378113,0.0182265536380352,0.0176414217914828,0.1350057540923172,0.1328210141185606,393.0255999565125,181.8937590122223,0.2,29,0.0910883930768848,0.0177965257781023,0.133403619808843,14.046776056289673
0.1169064642298166,0.1147814852134949,0.0288631586670863,0.0263708452444525,0.1698916085834917,0.1623910257509709,270.97437500953674,197.86095905303955,0.4,0,0.1109999808397669,0.023854160806859,0.1544479226369169,12.523553609848022
0.1208390267137154,0.1184969261369069,0.0301788168770418,0.0274688832441287,0.1737205136909335,0.1657373924138085,208.7514410018921,217.19123196601868,0.4,1,0.1110161543407049,0.0244840931487914,0.1564739376023734,12.440784215927124
0.1215375492642617,0.1191080540946446,0.0303904077151638,0.0278653636694873,0.1743284478080496,0.1669292175429075,240.16298604011536,183.13644313812256,0.4,2,0.1115620278184742,0.0244311312061259,0.1563046103162857,12.572513818740845
0.1169669582438227,0.1162529812869886,0.0280194687168802,0.0265219005271895,0.1673901691165888,0.1628554590033429,88.1187469959259,158.77806115150452,0.4,3,0.1102572980885585,0.0242940126334269,0.15586536701085,12.52749800682068
0.1190300192440667,0.1166165083331634,0.0292905029399462,0.0260858136031036,0.1711446842292982,0.1615110324501197,149.24947834014893,242.7490081787109,0.4,4,0.1113994135475169,0.0243443756686837,0.1560268427825281,12.376965284347534
0.1165287813390979,0.1193248643637854,0.028438722287604,0.0279356734710962,0.1686378435808642,0.1671396825146447,208.8846170902252,213.4566388130188,0.4,5,0.1108153990206867,0.0241969660458428,0.1555537400573925,12.489185094833374
0.1153212312859199,0.1174553666835498,0.0276059124191365,0.026816006412294,0.1661502705960376,0.1637559355024849,149.60457491874695,160.31800484657288,0.4,6,0.1103830818009627,0.0238389942576168,0.1543988155965479,12.571429967880247
0.1125929837930181,0.1153236054541641,0.0265269995866458,0.0257054662113275,0.1628711134199243,0.160329243157097,301.41912508010864,229.39634799957275,0.4,7,0.1119359068423998,0.0248868800392269,0.1577557607164534,12.378387928009031
0.1196895453493934,0.1176738296915341,0.029520451092766,0.0271618198018552,0.1718151654911929,0.1648084336490558,240.9655079841613,201.44545602798465,0.4,8,0.111799287301749,0.0247920524757611,0.1574549220436158,12.446002960205078
0.1205261667570562,0.1178336647216229,0.0298238917621401,0.0270416517149094,0.1726959517827216,0.1644434605416384,270.0696017742157,207.08372592926025,0.4,9,0.1115042131672579,0.0245965093613125,0.1568327432691035,12.425698041915894
0.1170452162024969,0.1178079071288786,0.0289201494648016,0.0273343326610862,0.1700592528056077,0.1653309791330294,270.0882749557495,233.99395513534543,0.4,10,0.1104455884794028,0.0239547509663446,0.154773224319792,12.56717300415039
0.1175884672988162,0.1170340183321637,0.0288749111237703,0.0265049847853861,0.1699261931656517,0.1628035158876679,208.49102210998527,195.8160569667816,0.4,11,0.1114805368003204,0.0247295385501098,0.1572562830226819,12.598844051361084
0.1179904730483569,0.1162574605684628,0.0285604656682674,0.0263010239572479,0.1689984191294918,0.1621759043669802,297.91606307029724,223.66206288337708,0.4,12,0.1082711602944955,0.02288839022392,0.1512890948611962,12.536635160446169
0.1138143701418325,0.1147245095775723,0.0271146709568516,0.0257173476069163,0.164665330160455,0.1603662919909179,300.09073996543884,244.641371011734,0.4,13,0.1109459803402032,0.0243220251435945,0.1559552023614297,12.441287279129028
0.1190462165370196,0.1175371498435462,0.0295660099338699,0.0269352417985487,0.1719476953432931,0.1641195960223785,296.34113812446594,194.58560585975647,0.4,14,0.1113558845198348,0.0241174239069661,0.1552978554487025,12.38381004333496
0.1167739366555677,0.1165653821160582,0.0286975182717185,0.0266498779041647,0.1694034187131964,0.1632479032152167,297.62895488739014,243.0453808307648,0.4,15,0.1099873475344993,0.0238629510618501,0.1544763770349699,12.659325122833252
0.1219062431032011,0.1172118545825665,0.0302223646017386,0.0268348866332873,0.1738458069719792,0.1638135727993482,267.6763780117035,241.05625867843628,0.4,16,0.1108673902908086,0.024222499333751,0.1556357906580329,12.255511999130247
0.120942053071011,0.1182905661607119,0.0307241375693943,0.0270724203854184,0.1752830213380471,0.1645369878945718,299.6651577949524,232.7027831077576,0.4,17,0.1098124012852997,0.0237371762211968,0.1540687386240209,12.537908792495728
0.1178952542215002,0.1167300015269382,0.0283649306568209,0.0261808862260666,0.1684189141896508,0.1618050871452027,297.6192638874054,199.3829760551453,0.4,18,0.1098828764620133,0.0239523657171121,0.154765518501739,12.510654926300049
0.1161219196722564,0.1160988198697403,0.028490740595033,0.0265883167868848,0.1687920039428204,0.1630592431813813,298.1623070240021,226.2519998550415,0.4,19,0.1138465546186161,0.0254395126999593,0.1594976886978595,12.503393650054932
0.1142163883458692,0.1156543900896553,0.0273807145427946,0.0262906815785433,0.1654711894644946,0.1621440149328471,266.6218087673187,239.78155398368835,0.4,20,0.1110302801600314,0.0242877330422362,0.1558452214289429,12.443114042282104
0.1160956714812276,0.1178148088432566,0.0278286547520739,0.0271925541862851,0.1668192277648892,0.1649016500411234,295.6943287849426,212.3363959789276,0.4,21,0.1090606735151171,0.0236921573449317,0.1539225693163018,12.489655017852783
0.116324346287959,0.1146030594278932,0.0275995141781014,0.0254597901593509,0.1661310150998343,0.1595612426604624,177.1169400215149,206.5036289691925,0.4,22,0.1125851476946578,0.0248931183552087,0.1577755315478566,12.580245971679688
0.1189017793729069,0.1172494941067113,0.0291814001792931,0.0267640234419468,0.1708256426280703,0.1635971376337215,295.8426339626312,199.10954976081848,0.4,23,0.1108435364758731,0.0242795334269032,0.1558189122889235,12.974012851715088
0.1189525589799973,0.1163401164782557,0.0297092567873411,0.0259872526977278,0.1723637339678539,0.1612056224135122,266.30199003219604,207.82651090621948,0.4,24,0.1106763579626257,0.0245311209321097,0.1566241390466672,12.333603858947754
0.1167734896223276,0.1162929216703515,0.0284854567208829,0.0266073099334297,0.1687763511896229,0.1631174728023632,296.30136489868164,204.3710641860962,0.4,25,0.1107361942338682,0.0240704157935327,0.1551464333896616,12.607351064682009
0.1171913704112952,0.1161878690566008,0.0289362168603495,0.0259076591428813,0.1701064868261922,0.1609585634344484,236.89539098739624,242.18873119354248,0.4,26,0.1116527139379022,0.0245972153544598,0.1568349940365982,12.54007601737976
0.1218184686884252,0.1182466855363647,0.0303115646702615,0.0269633115282337,0.1741021673336134,0.1642050898365631,299.1007170677185,192.5842561721801,0.4,27,0.1113464041140812,0.0244499232879989,0.156364712412996,12.483008861541748
0.1157958520810583,0.1137972526827854,0.0275983253299811,0.025482937090223,0.1661274370174328,0.1596337592435355,267.730654001236,197.6575219631195,0.4,28,0.1105343892503666,0.0241314530950142,0.155343017528997,12.293717861175535
0.1212403635566802,0.1199906205611826,0.0307972857756865,0.0282823042870521,0.1754915547132869,0.1681734351407859,207.12748217582703,213.89669394493103,0.4,29,0.1119585931988652,0.0247002707875622,0.1571631979426552,12.884162187576294
0.1504437845571179,0.1526827566915761,0.0439113316294004,0.0414168622978803,0.2095503081109651,0.2035113321117041,207.4398899078369,124.2536120414734,0.6,0,0.1357766336248332,0.0344408211552539,0.1855823837417063,10.603581190109251
0.1466153399558226,0.1493433261511075,0.0416621797068292,0.0405208450539009,0.204113154173927,0.2012979012655148,205.92014694213867,158.7990369796753,0.6,1,0.1387671107610666,0.0353064163158874,0.1879000168065119,10.19107985496521
0.1459496873947998,0.1515484679088397,0.0409183257456263,0.0410040641909269,0.2022827865776678,0.2024946028686368,208.17063975334167,156.2646849155426,0.6,2,0.1373785176030921,0.0348895677429408,0.1867874935399607,10.241115808486938
0.1436656556038456,0.1504796864750915,0.0396794874026183,0.0400928994619537,0.199197106913274,0.2002321139626552,142.88055205345154,154.52664399147034,0.6,3,0.136636392199388,0.0345124783580577,0.1857753437839848,10.42210292816162
0.1463472910556846,0.1533899127218015,0.041473480819615,0.041169708555845,0.2036503887047973,0.2029031999645276,204.7983281612396,166.02290105819702,0.6,4,0.1356873841458304,0.0341517156910467,0.1848018281593738,10.272171020507812
0.1453324570497855,0.1494532036159184,0.0403969243103816,0.040082741689996,0.2009898612129021,0.2002067473638089,205.35935306549072,167.52449297904968,0.6,5,0.139019633676936,0.0364373353098906,0.1908856603045148,10.352240085601808
0.1396933903971714,0.145217154337246,0.0374083776045271,0.0385603020935338,0.1934124546261877,0.1963677725430877,59.60970211029053,104.29976916313171,0.6,6,0.139064717498537,0.0355264632981329,0.1884846500331868,10.321051120758057
0.1422237421260813,0.1496529894050558,0.0386827683392428,0.039424733556741,0.1966793541255483,0.1985566255674714,101.2107870578766,130.615140914917,0.6,7,0.1389415199418684,0.0359625378225945,0.1896379124083434,10.42757487297058
0.1435810315646744,0.151369167616225,0.0403873430770991,0.0410909608193396,0.2009660246835248,0.2027090546062005,121.09390878677368,142.03298616409302,0.6,8,0.1372004127510846,0.0351984250360041,0.1876124330528339,10.23566222190857
0.1438360759232184,0.1468786771416204,0.0395334779733325,0.0380237074060497,0.1988302742877263,0.1949966856283708,101.96809005737305,133.04276776313782,0.6,9,0.1359202995284493,0.0348872934788268,0.1867814056024497,10.536641836166382
0.1455079155111931,0.1474062096995997,0.0414497472526561,0.0390124306016841,0.2035921099960805,0.1975156464730936,207.3704571723938,136.49835205078125,0.6,10,0.1364087338526677,0.0350655930335822,0.1872580920376534,10.63500189781189
0.1457811617421524,0.1499045811916421,0.0417438947142995,0.0401949576751783,0.2043132269685434,0.2004868017480909,206.76290202140808,133.1546769142151,0.6,11,0.1384075635036822,0.0353784950948123,0.1880917198996606,10.929594993591309
0.1484195892061613,0.1516659254018248,0.0418989273267443,0.0401096350148297,0.2046922747119302,0.2002738999840712,205.9880528450012,146.9928228855133,0.6,12,0.136566562045365,0.0348217229561932,0.1866057956125512,10.53753399848938
0.145072878163369,0.14858045533911,0.0404580959826121,0.0392590333912113,0.2011419796626555,0.198138924472733,142.86919808387756,114.78724217414856,0.6,13,0.1365934084138386,0.0349784950721669,0.1870253861703457,10.857032060623167
0.1419834147561175,0.1513934558472965,0.0387945535073171,0.0405346005482164,0.196963330362068,0.2013320653751321,101.17804074287416,140.80156803131104,0.6,14,0.1370037653870247,0.0352475617910495,0.1877433402042522,11.733521938323976
0.1420816590165344,0.1503680496709407,0.0390801563396621,0.0399291919829307,0.1976870161130015,0.1998229015476722,101.73615527153017,129.62696194648743,0.6,15,0.1373794826897696,0.0347926110371619,0.1865277755112143,11.197638750076294
0.14656996021558,0.1510808875587697,0.0419506988603714,0.040643989729809,0.2048186975360683,0.2016035459256831,182.63576912879944,132.80398678779602,0.6,16,0.137063817334154,0.0345535902980182,0.185885960465061,10.486046314239502
0.1455376754330254,0.1473787285236659,0.0407293872216717,0.0382850565565901,0.2018152304006606,0.195665675468617,185.2200231552124,147.4560010433197,0.6,17,0.1340032487422026,0.0343300498123226,0.1852837008814393,10.546275854110718
0.1481735005092603,0.1516474302707791,0.0425760423708736,0.0398360217502902,0.2063396286971402,0.1995896333738059,205.62566804885864,157.45053696632385,0.6,18,0.1345545780696719,0.0342194191200576,0.1849849159257521,10.253793001174929
0.1484375315395686,0.1525514399432012,0.0421956858003357,0.0412280609291618,0.2054158849756651,0.2030469426737616,205.4870960712433,166.41278791427612,0.6,19,0.1388801160311089,0.0361206766354792,0.1900544044095774,10.460188150405884
0.1435725544558611,0.1465058684080679,0.0399325514548256,0.0384592315396744,0.1998313074941603,0.1961102535301876,164.60877108573914,167.18838000297546,0.6,20,0.1370476369359455,0.0349686170325055,0.1869989760199385,10.096139907836914
0.1460952352392201,0.1493543929243388,0.0419342181692449,0.0403512930346121,0.2047784611946407,0.2008763127763255,185.73937106132507,150.86836075782776,0.6,21,0.1391811123536321,0.036168487047714,0.1901801436736076,10.389034986495972
0.1451175044178472,0.1495688055304293,0.0411380614172004,0.039305054441289,0.2028251991671656,0.1982550237479218,203.04888105392456,131.20086288452148,0.6,22,0.1375543241362224,0.0353530037620456,0.1880239446507961,10.37496781349182
0.1464675221989814,0.1506239727060625,0.0420473099268735,0.0397703413105601,0.2050544072359176,0.1994250267909224,206.67815804481504,166.1410150527954,0.6,23,0.1354897970428848,0.0343542459496244,0.1853489842152486,10.327720880508425
0.1445193290182213,0.1471928031918414,0.040297099748896,0.0390529273054411,0.2007413752789792,0.1976181350621473,100.17752695083618,101.75185799598694,0.6,24,0.1382014893372607,0.0354688834427554,0.1883318439424289,10.23527193069458
0.148377384081214,0.152716575237177,0.0435042122563582,0.0409154800726592,0.2085766340133963,0.2022757525573918,204.45781803131104,133.27100086212158,0.6,25,0.1355177077423578,0.0344998198703615,0.1857412713167472,10.381039142608644
0.148398156402252,0.152552456258752,0.0423447944221479,0.0411060984146453,0.20577850816387,0.2027463893997753,203.10790300369263,165.1196506023407,0.6,26,0.1365546171897555,0.0347406547010754,0.1863884510936109,10.085376024246216
0.1450259355349817,0.1493635759682224,0.0406703482874957,0.040498370187192,0.2016689075874011,0.2012420686317652,164.66216492652893,139.99747800827026,0.6,27,0.1353414647029501,0.0340096064051991,0.1844169363296091,10.423096895217896
0.1487541591596813,0.1534729972687268,0.0436779310797992,0.0419347416788706,0.2089926579566833,0.2047797394247551,204.3788878917694,136.88216495513916,0.6,28,0.1377325152075212,0.0358422933452497,0.1893206099325949,10.270405769348145
0.1477104781938244,0.1534568624021851,0.0422763137725164,0.0417538841437305,0.2056120467592219,0.2043376718662777,206.24197483062744,138.72603178024292,0.6,29,0.134914894218558,0.0344005534306864,0.1854738618530558,10.150706768035889
0.173687748473978,0.1904417052668803,0.0538140390006777,0.0562521844817093,0.2319785313357203,0.237175429759723,67.48649024963379,52.16522789001465,0.8,0,0.1710637026301968,0.0502185589164773,0.2240949774458976,7.447029113769531
0.1768454599256426,0.1833482068877024,0.0549394127668518,0.0534372629893203,0.2343915799828394,0.2311650124679777,66.10094285011292,70.1366548538208,0.8,1,0.1679160999342703,0.0488839705059835,0.2210971969654604,7.180889844894409
0.1763448515150202,0.1868735823610101,0.0552134059430621,0.0551209055067535,0.2349753304988891,0.2347784178896211,78.5713140964508,72.63984084129333,0.8,2,0.1690919034588244,0.0499952015981433,0.2235960679398081,7.564440727233887
0.1828127554847888,0.1787748483337105,0.0590975202956774,0.0535609127263671,0.2430998154990608,0.231432307006535,112.1256902217865,68.1238751411438,0.8,3,0.1693379988850607,0.0500001388684483,0.2236071082690538,7.281272172927856
0.1789822545581793,0.1834059651025209,0.0578143910810648,0.0546857643767182,0.2404462332436606,0.2338498757252571,113.64315390586852,76.85507822036743,0.8,4,0.1690137730863613,0.0497562593204113,0.2230611111790025,7.534948110580444
0.1753219660503984,0.1800554592032266,0.0539826863808716,0.0524797558350716,0.2323417448089595,0.2290846040987296,113.88856601715088,70.47315287590027,0.8,5,0.1687101582379633,0.0494867109800896,0.2224560877568642,7.770845890045166
0.1762273015272538,0.1832929617668905,0.0557174126227093,0.053217987500161,0.2360453613666435,0.2306902414497869,114.73706102371216,59.01345610618591,0.8,6,0.1690711923928151,0.0501371100045375,0.2239131751472823,7.379449129104614
0.172841390346328,0.175604521806783,0.0525674117618132,0.0522230579947932,0.2292758420806981,0.2285236486554361,42.78395891189575,46.18760299682617,0.8,7,0.167516519450472,0.0492826936601917,0.2219970577737276,7.674084186553955
0.1808310002077186,0.184490611764095,0.059623581214112,0.0550167700927327,0.2441794037467371,0.2345565392239849,113.10706496238708,52.63470816612244,0.8,8,0.1669310819403221,0.0495767384808129,0.2226583447365333,7.72149395942688
0.1791596691968494,0.17802845517,0.0571354423574423,0.0509484563907537,0.2390302122273297,0.2257176474951698,114.95755195617676,74.1506290435791,0.8,9,0.1701013201321656,0.0501332335406685,0.223904518803593,7.969894170761108
0.1751503416474097,0.1784049183399387,0.0553258200789915,0.0531354929256718,0.2352144129916183,0.2305113726601615,91.57384181022644,73.23350501060486,0.8,10,0.1684845267571705,0.0498754614480471,0.2233281474602947,8.346766948699951
0.175707612552397,0.1758242402203436,0.05383185609422,0.0522367120014705,0.2320169306197719,0.2285535210874481,43.52551603317261,67.09753584861755,0.8,11,0.1690838407726035,0.0499611792030117,0.2235199749530491,7.453793048858643
0.1777695997783226,0.1833329256601461,0.0579794134310455,0.0532566672133523,0.2407891472451479,0.2307740609629955,77.52013897895813,58.91863203048706,0.8,12,0.1679100045057099,0.0494633985949122,0.2224036838609295,7.217708110809326
0.1791112890576217,0.1802476911991534,0.0573473923466328,0.0531116900513476,0.239473155795452,0.2304597362910658,103.03185510635376,77.09339594841003,0.8,13,0.1684263690658157,0.0493693190359725,0.222192076897383,7.777291059494018
0.1768262356820231,0.1790223384569371,0.056821787673178,0.0509765252180439,0.2383732108966484,0.2257798157897289,102.69143080711363,70.71464800834656,0.8,14,0.1680717828009405,0.0493165091564488,0.2220732067504967,7.223399877548218
0.1710544358905977,0.1771481552577517,0.0511392113812213,0.0517692206324852,0.2261398049464565,0.2275285050987794,19.74231195449829,62.49109506607056,0.8,15,0.1660468121905961,0.0485280086956753,0.2202907367450464,7.352943897247314
0.1839505550257154,0.1787836203190471,0.0607726378166232,0.0526111604137388,0.2465210697214809,0.2293712283913107,113.04096579551695,73.69659805297852,0.8,16,0.1692056966136212,0.049927533797416,0.2234446996404614,7.382118225097656
0.1790515691407162,0.1789638932938832,0.057399523053579,0.052436708599336,0.239581975644202,0.2289906299378558,91.33424472808838,69.3477041721344,0.8,17,0.1709177458550643,0.0511052902684141,0.2260647921911196,7.400557041168213
0.1798114145150043,0.1785326719768889,0.0582645589337317,0.051673610888363,0.2413805272463621,0.2273183030210349,114.14530205726624,85.64763593673706,0.8,18,0.1670598460613932,0.0488952580672817,0.2211227217345194,7.829410076141357
0.1819194543050867,0.1831874112618122,0.057923188188261,0.0535747603933146,0.2406723668979492,0.231462222389129,116.11655497550964,74.09752583503723,0.8,19,0.1688768790081667,0.0496696523838326,0.2228668938712805,7.750917196273804
0.1760643646121063,0.1813325328584359,0.0550978110213807,0.0553908186060067,0.234729229158579,0.2353525411080294,114.46519470214844,64.09124994277954,0.8,20,0.1697755939806867,0.0503129106116381,0.2243053958593911,7.458413124084473
0.1714090001105563,0.1758851883366628,0.0520436677954009,0.0492421457181366,0.2281308129021612,0.221905713577043,43.38733077049256,73.956209897995,0.8,21,0.1693033730391741,0.0513510445564068,0.2266076886524525,7.627839088439941
0.1780846615813296,0.1807774383042247,0.0557842926671242,0.0528939043524415,0.2361869866591389,0.2299867482105034,91.23422598838806,85.67067074775696,0.8,22,0.1716975641409109,0.0517918841615923,0.2275783033630234,7.726701974868774
0.1741566911625484,0.1810299408999706,0.0531419583611299,0.052990022095565,0.2305253963474089,0.2301956170207525,32.1209180355072,74.14544916152954,0.8,23,0.1693507239166123,0.0501864474025613,0.2240233188812301,7.687466859817505
0.1808503529268658,0.1804448882875007,0.0578577838974098,0.0555941775394125,0.2405364502469632,0.235784175761251,116.3023190498352,59.5518159866333,0.8,24,0.1671367115523326,0.0492424334800661,0.2219063619639286,7.396640062332153
0.181295826148421,0.1758923789121585,0.0596742523615337,0.0526495214543924,0.2442831397406169,0.2294548353258053,89.57071590423584,82.327476978302,0.8,25,0.1687842798632695,0.0493333018840956,0.2221110125232328,7.413054943084717
0.1949297382863892,0.1756199934337471,0.0642963925669034,0.0511032883845832,0.2535673333986525,0.226060364470606,78.92638492584229,70.38757109642029,0.8,26,0.1699126986719903,0.0510470927608579,0.2259360368795955,7.338927268981934
0.1765341058204912,0.1757829341465454,0.0577904681509847,0.0511278421406332,0.2403964811534993,0.2261146659123048,114.6981601715088,83.600919008255,0.8,27,0.1671123455812062,0.0487971827223663,0.2209008436434011,7.850927114486694
0.1799953021380264,0.1834489730427259,0.056031213294109,0.0539774994865543,0.236709132257522,0.23233058233163,114.94343209266664,77.0376489162445,0.8,28,0.171084374137355,0.0511713149600588,0.2262107755171243,7.633562088012695
0.1757643402844788,0.1796025102656529,0.0541606593781564,0.0527583358530776,0.2327244279790079,0.2296918280067396,43.1912477016449,59.89923095703125,0.8,29,0.1671781051825559,0.0488579328743257,0.2210383063505638,7.570516109466553
